Title,Takeaway,Authors,Year,Citations,Abstract,Study Type,Journal,Journal SJR Quartile,DOI,Consensus Link
"The Effect of Cajanus Cajan Seeds Extraction on Some Haematological Parameters Among Haemorrhagical Anaemic Rats in Khartoum–Sudan","Cajanus cajan seeds extract significantly improves haematological parameters in hemorrhagic anaemic rats, suggesting potential therapeutic applications for anaemia treatment.","Khalid Mohamed Khalid Elhussain, Salma HaiderMohmmed Abu Algasim, TasbihElhadi Mohammed Ahmed, Weam Mustafa Hasab Alrasol, Wegdan Ibrahim Ahmmed, Nora Nahal Bouderba",2020,3,"Worldwide different plants were studied for their role in the treatment
and correction of different types of anaemia’s. The Medicinal and Aromatic Plants
Research Institute (MAPRI) of the National Centre for Research (NCR) plays major role
in medicinal and aromatic plants investigation, determination of therapeutic properties
and documented in Sudan.","","Biomedical Journal of Scientific & Technical Research","","10.26717/bjstr.2020.25.004220","https://consensus.app/papers/the-effect-of-cajanus-cajan-seeds-extraction-on-some-elhussain-algasim/a31f249241ec511aabbcb22037fe47e9/"
"Acute and sub-chronic oral exposure to ethanolic seed extract of Cajanus Cajan Millsp in rats: Biochemical and histological studies.","Oral treatment with Cajanus cajan ethanol seed extract is relatively safe but may cause side effects like lymphocytopenia and granulocytosis, so it should be consumed with caution.","T. Olubodun-Obadun, I. Ishola, Olabode A. Kusamotu, Collins I. Ebu, O. Adeyemi",2023,0,"","non-randomized experimental study","Scientific African","1","10.1016/j.sciaf.2023.e01916","https://consensus.app/papers/acute-and-subchronic-oral-exposure-to-ethanolic-seed-olubodun-obadun-ishola/1af816ced47d5329827fddcfe704f077/"
"Haematological effect of a bi-herbal composition on phenyl hydrazine-induced anaemia in Albino Wistar rats","A biherbal composition of Picralima nitida and Cymbopogon citratus significantly altered haematological parameters in albino Wistar rats treated with phenylhydrazine-induced anaemia.","P. Obazelu, U. C. Odionyenma",2024,0,"Picralima nitida and Cymbopogon citratus are plants known for their anti-inflammatory, antioxidant, and haematopoietic properties. This study aimed to determine the haematological effect of a dual herb composition of these plants on phenylhydrazine-induced anaemia in albino Wistar rats. Sixty adult male rats were divided into six groups: control, phenylhydrazine group, ferrous sulphate group, and three groups receiving phenylhydrazine plus 100 mg/kg, 200 mg/kg, and 400 mg/kg of the extract. Haematological parameters were measured using an autoanalyzer and analyzed with SPSS software V22. The red blood cell count was significantly higher in the control group compared to other groups (p<0.05). Haemoglobin was significantly higher in the control, ferrous sulphate, 100 mg/kg, and 400 mg/kg groups compared to the phenylhydrazine and 200 mg/kg groups (p<0.05). Mean cell volume was significantly lower in the control group compared to all other groups (p<0.05). Mean cell haemoglobin was significantly lower in the control group compared to other groups while MCHC was higher in the control group compared to phenylhydrazine, ferrous sulphate, 100mg/kg and 200mg/kg groups (p<0.05). RDWSD was significantly lower in the control group compared to all other groups (p<0.05). Total white blood cell count was significantly lower in the control and phenylhydrazine groups compared to others (p<0.05). Lymphocyte was significantly higher in the ferrous sulphate group compared to others, while monocyte count was significantly lower in the control, phenylhydrazine, and ferrous sulphate groups (p<0.05). Neutrophil was significantly higher in the control and phenylhydrazine groups (p<0.05). Platelet was significantly lower in the control group compared to ferrous sulphate, 200 mg/kg, and 400 mg/kg groups (p<0.05). Mean platelet volume was significantly lower in the control, phenylhydrazine, ferrous sulphate, and 100 mg/kg groups compared to the 400 mg/kg group (p<0.05). The study concludes that the biherbal formulation of the plants caused significant alterations in haematological parameters.","rct","Dutse Journal of Pure and Applied Sciences","","10.4314/dujopas.v10i3a.30","https://consensus.app/papers/haematological-effect-of-a-biherbal-composition-on-phenyl-obazelu-odionyenma/ec41429e75cb53a2a3d676eac196a40a/"
"Antianemic activity of polyherbal formulation, Raktavardhak Kadha, against phenylhydrazine-induced anemia in rats","Raktavardhak Kadha (RK) shows antianemic activity in rats, likely due to its iron content and ability to prevent hemolysis.","P. A. Sheth, A. Pawar, C. Mote, Chandrakant More",2021,34,"","non-randomized experimental study","Journal of Ayurveda and Integrative Medicine","2","10.1016/j.jaim.2021.02.009","https://consensus.app/papers/antianemic-activity-of-polyherbal-formulation-sheth-pawar/c9e3b2b2cbdc591497f0b44b800ce2ec/"
"Anti-Anemic Potential of a Herbal Recipe Against Phenylhydrazine-Induced Anemia in Rats","A herbal recipe composed of Xylopia aethiopica, Zanthoxylum leprieurii, and Harungara madagascariensis effectively treats phenylhydrazine-induced anemia in rats, increasing hemoglobin, red blood cell count, and hema","Tatiana Kangah Mireille Kple, Joel Akakpo-Akue, Konan Armand Marcelin Kouassi, S. Ouattara, Gbe Kouakou N’Dri Ange Konan, Diane Koulai, Larissa Adjoua Kouadio, Chiaye Claire Antoinette Yapo-Crezoit, Adou Koffi Mattieu Kra, Allico Joseph Djaman",2023,3,"Anemia is characterized by an abnormal decrease in the level of hemoglobin or the number of red blood cells in the blood. It is a public health problem that mainly affects pregnant women and young children. In the present study, the objective was to evaluated the anti-anemic potential of a recipe composed of three medicinal plants, <i>Xylopia aethiopica </i>(Dunal) A. Rich<i>, Zanthoxylum leprieurii (GUILL) </i>and<i> Harungara madagascariensis (LAM), </i>used to treat sickle cell anemia in rats. Aqueous and hydroethanol extracts of recipe composed were first prepared and quantitative phytochemical tests were carried out. Then, the anti-anemic activity of the recipe extracts was assessed. The anemia was induced in animals by intraperitoneal injection of phenylhydrazine at a repeated dose of 40 mg/kg bw for two days. Treatment was carried out with the aqueous and hydroethanol extracts of the plant recipe at doses of 400 and 800 mg/kg bw. The obtained results indicated that recipe composed contains total phenols (43.31±0.92 mg GAE/g and 33.82±0.6 mg GAE /g of dry weight), total flavonoids (17.07±0.89 mg QE and 19.76±1.15 mg QE/g of dry weight) and total tannin (8.65±0.01 mg QE and 26.5±0.95 mg Cat E/g of dry weight) in decocted and hydroethanol extracts respectively. The anemia was effectively corrected after 21 days of oral administration of the extracts to the rats. The extracts significantly increased hemoglobin (P < 0.05), red blood cell count (P < 0.001), and hematocrit (P < 0.01) as early as the 7<sup>th</sup> days of treatment compared with untreated controls. These results show that the plant recipe composed of <i>Xylopia aethiopica, Zanthoxylum leprieurii </i>and<i> Harungara madagascariensis </i>possess antianemic properties.","non-randomized experimental study","Journal of Diseases and Medicinal Plants","","10.11648/j.jdmp.20230902.12","https://consensus.app/papers/antianemic-potential-of-a-herbal-recipe-against-kple-akakpo-akue/61e2dec3a527532f82004e1552746f18/"
"Hematopoietic effect of echinochrome on phenylhydrazine-induced hemolytic anemia in rats","Echinochrome, found in sea urchin shells and spines, effectively treats phenylhydrazine-induced hemolytic anemia in rats by increasing blood cell counts and reducing inflammation.","Mona S. E. F. El-Shehry, Rafa A. Amrymi, T. Atia, B. M. M. Lotfy, Salma H A Ahmed, S. A. Qutb, S. B. Ali, A. S. Mohamed, M. R. Mousa, A. Damanhory, Mostafa E. Metawee, Hader I. Sakr",2023,7,"Background: Hemolytic anemia (HA) is a serious health condition resulting from reduced erythrocytes' average life span. Echinochrome (Ech) is a dark-red pigment found in shells and spines of sea urchins.

Aim: Studying the potential therapeutic effect of Ech on phenylhydrazine (PHZ)-induced HA in rats.

Methods: Eighteen rats were divided into three groups (n = 6): the control group, the phenylhydrazine-induced HA group and the Ech group, injected intraperitoneally with PHZ and supplemented with oral Ech daily for 6 days.

Results: Ech resulted in a considerable increase in RBCs, WBCs, and platelets counts, hemoglobin, reduced glutathione, catalase, and glutathione-S-transferase levels, and a significant decrease in aspartate & alanine aminotransferases, alkaline phosphatase, gamma-glutamyl transferase, bilirubin, creatinine, urea, urate, malondialdehyde & nitric oxide levels in anemic rats. Histopathological examination of liver and kidney tissue samples showed marked improvement.

Conclusion: Ech ameliorated phenylhydrazine-induced HA with a hepatorenal protective effect owing to its anti-inflammatory and antioxidant properties.

© 2023 El-Shehry et al.","rct","PeerJ","1","10.7717/peerj.16576","https://consensus.app/papers/hematopoietic-effect-of-echinochrome-on-el-shehry-amrymi/389bcc18d6865aa1b3ce6c09b66e716a/"
"Biochemical Potentials of Ethanol Leaf Extract of C. aconitifolius in Phenylhydrazine Induced Anemia in Rats","Ethanol leaf extract of Cnidoscolus aconitifolius (EECA) leaves effectively restores haematological parameters in phenylhydrazine-induced anemic rats, with 100 mg/kg bodyweight yielding the best results.","O. C. Ezeigwe, Valentine Nwobodo, E. L. Iloanya",2025,0,"Aim: Anemia is a common health challenge caused by a decrease in hemoglobin concentration, packed cell volume and red blood cells. Some medicinal plants have antianaemic properties and can be used as a remedy to treat anemia. This study investigates the anti-anemic properties of ethanol extract of Cnidoscolus aconitifolius (EECA) leaves in phenylhydrazine-induced anemic rats. 
Methods: Acute toxicity (LD50) was done using Lorke’s method. Twenty-five (25) male Wistar albino rats were randomly divided into five groups of five rats each and used for the antianemic studies. Group A, B, and C served as the normal control, anemic untreated (negative control), and anemic group treated with 1ml/kg emzoron (positive control), respectively. Groups D and E were treated with 100mg/kg and 200mg/kg of ethanol extract of C. aconitifolius respectively by oral gavage once a day for 14 days. Anemia was induced by intraperitoneal injection of 20 mg/kg phenylhydrazine for four consecutive days in groups B to E. At the end of 14 days treatment, biochemical analysis were done using standard diagnostic methods and haematological parameters were analysed using an automated haematology analyzer (Mindray-BC-5300). 
Results: The result of the LD50 study showed that the extract may not be very toxic. The extract was able to restore the impaired biochemical parameters caused by phenylhydrazine to normal after 14 days of treatment. The antianemic effects of EECA was demonstrated by significant increases (p<0.05) in the hemoglobin (HGB), packed cell volume (PCV) and red blood cell (RBC) count of the extract-treated groups after 14 days of treatment compared to the anemic untreated control group. There was a better increase in the hemoglobin levels of 100 mg/kg EECA (13.40±0.35) compared to 200 mg/kg EECA (12.50±0.45). Also, the packed cell volume increased more in 100 mg/kg EECA (40.97±0.87) compared to 200 mg/kg EECA (38.73±1.63). A better increase was observed in the red blood cell count of 100 mg/kg EECA (5.83±0.35) compared to 200 mg/kg EECA (5.55±0.44). 
Conclusion: The EECA was well tolerated by the animals as was seen from the results of the biochemical parameters. The extract also improved the haematological parameters of the animals. The animals that were treated with 100 mg/kg bodyweight yielded a far much better result by totally restoring the haematological parameters of the phenylhydrazine-induced anemic rats to normal without any observable alterations in the biochemical parameters investigated.","rct","International Journal of Biochemistry Research &amp; Review","","10.9734/ijbcrr/2025/v34i41017","https://consensus.app/papers/biochemical-potentials-of-ethanol-leaf-extract-of-c-ezeigwe-nwobodo/d031ab5f351d554a8e241ead1247f9b1/"
"Anti-Anaemic And Hepato–Renal Activities Of Ethanol Leaf Extract Of Alchornea Cordifolia In Phenyl Hydrazine Induced-Anaemic Wistar Rats","Ethanol leaf extract of Alchornea cordifolia enhances anti-anaemic and hepatoprotective effects in phenyl hydrazine-induced anaemia, possibly due to its anti-inflammatory and antioxidant properties.","Audu Jankada P., Ezugwu Hilary C., Ipav Selumun S.",2022,1,"The effect of ethanol leaf extract of Alchornea cordifolia on some biochemical parameters in phenyl hydrazine-induced anaemic Wistar rats was studied. A total of thirty-six (36) Wistar rats weighing 95-200 g were selected for this study and randomly divided into six groups of six animals per group. Group A (normal control), group B (negative or anaemic) control, group C (standard), group D, E and F (treated groups). Animals in groups B, C, D, E and F were induced with anaemia via intraperitoneal (I.P.) injection of 10mg/kg body weight phenyl hydrazine (PHZ) for 3 days and group A received distilled water in place of the PHZ for the same duration. After the induction, group A and B rats received oral administration 0.9w/v normal saline solution while groups C, D, E and F received oral administration of enzoron (10mg/kg.bwt), 100, 200 and 400 mg/kg.bwt of extract respectively for 14 days. The percentage yield of the extract was determined to be 18%. Phytochemical screening revealed the presence of saponins, carbohydrates, protein, alkaloids, phytosterols, phynols, flavonoids and glycosides at varying concentrations.A dose of 5000mg/kg. bwt was found to be safe in the LD50 study of the extract. The oral administration of the extract showed a significantly  (p<0.05) level of  total protein (TP)  ,packed cell volume (PCV), haemoglobin (Hb) and red blood cells (RBCs) of the animals in treated groups  compared to those of the animals in anaemic groups.The aspartate transaminase (AST),alanine transaminase (ALT)and total bilirubin (TB)were significantly (p<0.05)  lowered in the extract treated groups than  in the anaemic non-treated groups. There was a no-significant decrease (p>0.05) in the serum urea, creatinine, Na+ ,K+  and ,Cl­- of animals in the extract treated groups when  compared to both the normal and standard control . The histology of the spleen revealed the regeneration of damaged cells in extract treated groups unlike that of the anaemic non-treated groups which showed distorted architecture. The study suggests that treatment with Achornea cordifolia leaf extract in phenyl hydrazine induced anaemia enhances anti- anaemic and hepatoprotective effect possibly due to both its anti-inflammatory and antioxidant properties.","rct","Global Journal of Pure and Applied Sciences","","10.4314/gjpas.v28i2.12","https://consensus.app/papers/antianaemic-and-hepato%E2%80%93renal-activities-of-ethanol-leaf-p-c/a640881256095cb0b74e4804d4029ac3/"
"HPLC profiling and studies on Copaifera salikounda methanol leaf extract on phenylhydrazine-induced hematotoxicity and oxidative stress in rats","Copaifera salikounda methanol leaf extract (CSMLE) possesses anti-anemic potentials and attenuates spleenotoxic effects of phenylhydrazine in rats.","C. Aloke, Chinedum Uche Emelike, Nwogo Ajuka Obasi, Patience Nkemjika Ogbu, Chuks Oswald Edeogu, Chinedu Godwin Uzomba, O. Ekakitie, Adeolu Adewale Iyaniwura, Chukwubuike Cyprian Okoro, Blessing Peter Okey, Glory Ginikachukwu Aninjoku, Bature Charles Ushahemba",2021,9,"","","Arabian Journal of Chemistry","1","10.1016/j.arabjc.2021.103428","https://consensus.app/papers/hplc-profiling-and-studies-on-copaifera-salikounda-aloke-emelike/adda43dab6735ccd9b144b9981ebc3bd/"
"Anti-anemic and protective effects of Grona triflora ethanol leaf extract on phenylhydrazine-induced anemia in albino rats","Grona triflora ethanol leaf extract shows hematinic and protective properties, supporting its traditional use in anemia management.","MadubogwuNgozi Ukamaka, Orabuche Gertrude Chiamaka, Iloh Ezinne Stephanie, Onwudiwe Tharcitus Chilaka, Chukwurah Ifeoma Blessing, Ezeagha Chigozie Celestina",2026,0,"Anemia is a global health condition characterized by reduced hemoglobin concentration and impaired oxygen transport. Medicinal plants rich in antioxidants and micronutrients are increasingly explored as alternative therapies. This study evaluated the anti-anemic effects of Grona triflora ethanol leaf extract in phenylhydrazine-induced anemia in albino rats. Extraction was done using cold maceration method. Acute toxicity was determine using Lorkes method. Thirty (30) Albino rats were used. Anemia was induced through intraperitoneal injection of phenylhydrazine at 60 mg/kg for 3 days. Rats with packed cell volume less than 29% were grouped into six groups of five rats each. Group I was the normal control while II was the negative control. Group III received 2 mg/kg Ferrous sulphate while groups IV, V and V received 250, 500 and 1000 mg/kg Grona triflora extract orally for three weeks. Automatic counter was used to investigate the effect of Grona triflora ethanol leaf extract on phenyl hydrazine induced anemia. The LD50 was 5000 mg/kg. Ferrous sulphate and different doses of ethanolic leaf extracts of Grona triflora significantly (p<0.05) increased the packed cell volume, haemoglobin, red blood cells, mean corpuscular volume, mean capsulated haemoglobin, and platelets in a dose dependent manner but decreased the white blood cells, lymphocytes and neutrophils within three weeks. These findings suggest that Grona triflora possesses hematinic and protective properties, supporting its traditional use in anemia management.","rct","International Journal of Biological and Pharmaceutical Sciences Archive","","10.53771/ijbpsa.2026.11.2.0045","https://consensus.app/papers/antianemic-and-protective-effects-of-grona-triflora-ukamaka-chiamaka/ae46832aca3058bf88eff09fc17abb38/"
"Protective effects of an ethanolic leaf extract from Ficus capensis against Phenylhydrazine induced anaemia in Wistar rats","Ethanolic leaf extract from Ficus capensis may provide an alternative cure for anaemia and boost blood count in Wistar rats.","O. Ibe, G. Akuodor, Micheal O. Elom, E. Chukwurah, Chigozie Ewa Ibe, A. Nworie",2022,5,"Introduction: Ficus capensis has been used in traditional medicine to treat anaemia, tuberculosis, convulsion, pains, wounds, respiratory disorders, and other health challenges. This study investigated the effect of F. capensis ethanolic leaf extract in phenylhydrazine (PHZ)-induced anaemia in Wistar rats. Methods: Induction of anaemia was done by intraperitoneal administration of PHZ (40 mg/kg for 48 hours). A normal group and an anaemic group were treated daily with a single dose of 20 mL/kg of distilled water and considered as control and anaemic (non-treated) groups. Then, the remaining groups were treated with 100, 200, and 400 mg/kg of ethanol extract of F. capensis leaves for 21 days, respectively. Blood samples from the rats were run in three batches of baseline, post anaemia induction, and post-treatment. Phytochemical screening and acute toxicity tests of the extract were also carried out following standard procedures. Results: The results showed a consistent significant increase in haematological parameters among various experimental groups. Haemoglobin (Hb), red blood cell (RBC) count, mean corpuscular volume (MCV), packed cell volume (PCV), mean cell haemoglobin (MCH) and Mean cell haemoglobin concentration (MCHC) values of treated rats were significantly increased compared to the anaemic control. The secondary metabolites of leaf extract were alkaloids, saponins, tannins, steroids, flavonoids, phenols, and reducing sugar, while the acute toxicity test was found to be non-toxic at 5000 mg/kg in rats. Conclusion: The ethanol leaf extract of F. capensis might provide an alternative cure for anaemia and boosts blood count.","","Journal of Herbmed Pharmacology","3","10.34172/jhp.2022.55","https://consensus.app/papers/protective-effects-of-an-ethanolic-leaf-extract-from-ficus-ibe-akuodor/470323750de95fbe96764d9468051f78/"
"Studies on amaranthus cruentus's ethanolic herbal extract's antianemic properties against rats' phenylhydrazine-induced anemia","Amaranthus cruentus extract shows promising antianemic effects, improving blood count, hemoglobin levels, and hematocrit values in rats, suggesting its potential as a natural remedy for anemia.","Madhu Chandaka, Shaheena Shaik, R. Shaik, Gangotri Jajala, Tejasri Kanne, A. Pathan, Poojitha Kamalla",2024,0,"Blood is an essential fluid that sustains life, self-possessed of plasma, erythroid cells , leukocyte cells ,and platelets, each performing crucial physiological functions. RBCs, containing hemoglobin, are vital for oxygen transport, while WBCs defend against infections, and platelets facilitate clotting. Anemia, a condition characterized by decreased hemoglobin levels or RBCs, impairs oxygen delivery and can arise from various causes, including nutritional deficiencies and genetic disorders. This study investigates the antianemic properties of Amaranthus cruentus, commonly known as blood amaranth, using a phenylhydrazine-induced rat model of anemia. The plant, rich in nutrients and traditionally used for its health benefits, was subjected to Soxhlet extraction with ethanol, yielding a 14% extract. Anemia was induce in albino rats through ip route by using phenylhydrazine injections (40 mg/kg) over two repeated days. Parameter such as RBC count, hemoglobin (Hb) concentration, and hematocrit (HCT) levels were monitored alongside histopathological analyses of key organs. Results demonstrated that Amaranthus cruentus extract significantly improved RBC count, Hb levels, and HCT values compare to the anemic control group, suggesting its potential to mitigate oxidative stress-induced hemolysis. The extract’s rich phytochemical profile, including flavonoids, tannins, and phenolic compounds, likely contributes to its antioxidant activity and therapeutic efficacy against anemia. Furthermore, the presence of iron in the extract supports its application in treating iron-deficiency anemia. This research highlights the promising antianemic effects of Amaranthus cruentus, suggesting its potential as a natural remedy for anemia and reinforcing its significance in both nutritional and medicinal contexts.","non-randomized experimental study","International Journal of Zoology, Environment and Life Sciences","","10.70604/ijzels.v1i1.4","https://consensus.app/papers/studies-on-amaranthus-cruentuss-ethanolic-herbal-chandaka-shaik/c0a19361d9ca5bff9442920fed23fbcd/"
"Effect of Methanol Extract of Justicia Carnea Leaf on Some Hematological Parameters of Phenylhydrazine-Induced Anaemic Rats","Methanol extract of Justicia carnea leaf significantly improves hemoglobin concentration, packed cell volume, red blood cell, and white blood cell count in phenylhydrazine-induced anaemic rats.","Elizabeth Ngozi Chukwuemeka, Ijioma Okorie, Joy Oguine, Ojinika Confidence Chinyere",2025,0,"Introduction/Objective
Anaemia is a major public health concern that can be prevented, and plant-based materials offer a cost-effective approach to
prevention. This study investigated the potential benefits of methanol extract of Justicia carnea leaf in preventing anaemia by
examining its effects on hematological parameters in rats with phenylhydrazine-induced anaemia.
Methods
Experimental study design was used to randomly assign 20 rats with similar weight into 4 groups of 5 rats each. J. carnea extract
was performed using standard method. The groups are; Group 1 (300 mg/kg J. carnea extract), Group 2 (500 mg/kg J. carnea),
Group 3 (100 mcg/mL fersolate), and Group 4 (no treatment). Rats received various doses of extract and fersolate, concurrently
with 50 mg/mL of phenylhydrazine solution. Phytochemical, and micronutrient compositions, hemoglobin concentration, packed
cell volume, red blood cell and white blood cell count were determined using standard method. Data were analysed using ANOVA
and paired sample t-test, while significant level was set at p < 0.05.
Results
Justicia carnea contained alkaloids (1.11 mg/100g), flavonoid (1.53 mg/100g), phenol (2.26 mg/100g), iron (0.85 mg/100g), vitamin
C (20.63 mg/100g), and vitamin B12 (3.68 mg/100g). Significant difference (p < 0.05) was observed between the baseline and
end-line hemoglobin concentration, packed cell volume, red blood cell, and white blood cell count of phenylhydrazine-induced
anaemic rats after administration with 300 mg/kg and 500 mg/kg of J. carnea leaf extract.
Conclusion
The study revealed dose-dependent effects of J. carnea leaf extract for improving anaemia-related health outcomes.","rct","Advances in Nutrition &amp; Food Science","","10.33140/anfs.10.02.04","https://consensus.app/papers/effect-of-methanol-extract-of-justicia-carnea-leaf-on-some-chukwuemeka-okorie/fa02560a700f5b29b005dd3761ada8d0/"
"Effect of Ethanol Leaf Extract of Acacia nilotica on Phenyl hydrazine Induced Anemia in Rats","Ethanol leaf extract of Acacia nilotica is safe and can be used to manage anemia, increasing blood parameters without causing liver damage.","S. Sarkiyayi, M. Abubakar",2018,7,"The study was designed to investigate the effect of ethanolic leaf extract of A. nilotica in phenylhydrazine induced anemia in rats. The animals were divided into six groups of five animals each. Group I served as a normal control, group II as anemic control, group III as standard drug control, groups IV and V were treated with 100mg/kg and 200mg/kg of ethanolic leaf extract of A. nilotica respectively and group VI served as extract control group. Phenylhydrazine was administered intraperitoneally for two days to induce anemia in rats. All animals were allowed free access to food and water pre and post treatment. The administration of the extract lasted for 14 days period after which the animals were sacrificed and blood was obtained through cardiac puncture for haematological and liver biomarkers analysis. The effect of oral administration of ethanolic leaf extract of A. nilotica on some haematological parameters and liver biomarkers was assayed for in this study. The proximate and iron content of A. nilotica leaf were also analysed. Our findings revealed that proximate constituents of A.nilotica shows it can be used as food supplement. Results also showed that there was some significant (p<0.05) increase in some blood parameters (Red blood cell, Haemoglobin, White blood cell, Hematocrit, and Platelet count) in the extract treated group compared to the anemic group, suggesting that A.nilotica extract possess some anti aneamic properties. The liver biomarkers such as Aspartate amino transferase, Alanine amino transferase, Alkaline phosphatase and total protein assayed showed that there were no significant change in liver marker papameters revealing that the ethanolic leaf extract of A. nilotica is non toxic to the liver. Findings from this study suggest that ethanolic leaf extract A. nilotica is safe and can be used in management of anemia.","rct","","","","https://consensus.app/papers/effect-of-ethanol-leaf-extract-of-acacia-nilotica-on-phenyl-sarkiyayi-abubakar/0556099db67d5edb82a53e266af5d2c9/"
"Haematological and biochemical studies on Justicia carnea leaves extract in phenylhydrazine induced-anemia in albino rats.","Extracts of Justicia carnea leaves can reverse anemia and improve lipid profile in albino rats, potentially due to their rich phytochemical, nutrient, and vitamin composition.","C. Onyeabo, N. Achi, Chima A. Ekeleme-Egedigwe, C. Ebere, C. Okoro",2017,39,"Background: Justicia carnea is a medicinal plant used widely in Nigeria which is reported to have diverse functions, including blood-boosting potential. Aim. The effect of the ethanol extract of Justicea carnea (JC) leaves in phenylhydrazine induced-anemia albino rats on haematological and lipid profile parameters was investigated.

Methods: The experimental animals were randomly grouped into five groups of six rats each &ndash; group 1 (non-anemic control), group 2 (anemic control), group 3 (500 mg/kg of JC extract), group 4 (1000 mg/kg of JC extract) and group 5 (DMSO control). Phenylhydrazine was administered once at a dose of 80 mg/kg b.w.&nbsp; to induce hemolytic anemia. After 28 days of extract administration, they were humanely sacrificed and the serum collected was used for biochemical analysis.

Results: In the acute toxicity study, the LD50 was found to be above 5000 mg/kg body weight. Packed Cell Volume (PCV) values, Red Blood cell (RBC) and haemoglobin (Hb) concentrations decreased (p < 0.05) sig- nificantly after 48 hours of phenylhydrazine induction, but after 28 days of administering extracts of Justicia carnea, PCV values, RBC and Hb increased (p < 0.05) significantly. There were significant (p < 0.05) de- creases in cholesterol, triacylglycerol, and LDL cholesterol concentrations in the extract-administered groups (groups 3&4) relative to the anemic control. There was a significant (p < 0.05) increase in HDL-cholesterol concentrations in the extract groups (3&4) relative to the non-anemic control.

Conclusions: Extracts of Justicia carnea not only reversed anemic conditions in the phenylhydrazine-induced rats, it also improved the lipid profile, and this may be attributed to its rich phytochemical, nutrient and vita- min composition. Therefore, the findings of the study suggest that J. carnea leaves could be used to manage lipid abnormalities associated with anemia.","rct","Acta scientiarum polonorum. Technologia alimentaria","","10.17306/j.afs.0492","https://consensus.app/papers/haematological-and-biochemical-studies-on-justicia-onyeabo-achi/03a95d3dca73571eb89ff49cff407d68/"
"Effect of Ethyl acetate fraction of crude ethanol extract of Ficus capensis on haematological and biochemical indices of phenylhydrazine-induced anaemic rats","The ethyl acetate fraction of Ficus capensis leaf extract can boost blood parameters without significantly affecting biochemical parameters, validating its traditional use in treating anaemia.","O. C. Ezeigwe, A. A. Oladejo, E. L. Iloanya, C. Chigbo, V. Offor",2026,0,"Introduction: Traditionally, the leaves of Ficus capensis has been used for the treatment of anaemia due to its blood boosting effect. This study investigated the effect of Ficus capensis leaf fraction in phenylhydrazine-induced anemic rats.
Methods: Anaemia was induced in the rats by intraperitoneal injection of 20 mg/kg phenylhydrazine for four consecutive days. Graded doses of the ethyl acetate fraction of F. capensis were given by oral gavage once a day continuously for 14 days. At the end of the treatment, blood was collected for hematological (haemoglobin, packed cell volume, red blood cells, platelets, white blood cells and white blood cell differentials) and biochemical analysis (lipid profile, kidney function test, liver function test, electrolytes and lactate dehydrogenase assay).
Results: The results of LD50 showed that the plant is safe for the treatment of anaemia. The fasting blood glucose of both the treated and untreated groups were within normal. There was a significant increase (p<0.05) in haemoglobin, packed cell volume and red blood cell count of the groups treated for a period of 14 days with the fraction compared with the untreated group. The biochemical parameters were observed to be within the normal range for the treated groups compared to the untreated group.
Conclusion: The results suggest that ethyl acetate fraction of F. capensis can boost blood parameters without having a drastic effect on the biochemical parameters. This study therefore validates the traditional claim that the leaf extract of F. capensis is useful in the treatment of anaemia.","non-randomized experimental study","GSC Biological and Pharmaceutical Sciences","","10.30574/gscbps.2026.34.1.0007","https://consensus.app/papers/effect-of-ethyl-acetate-fraction-of-crude-ethanol-extract-ezeigwe-oladejo/19aab5686e83536da602490a33e3191e/"
"Anti-Anemic activity of Hydro-alcoholic extract of Calotropis procera flower on phenylhydrazine- induced anaemic rats","Hydro-alcoholic extract of Calotropis procera flower significantly increased red blood cell, hemoglobin, and hematocrit levels in phenylhydrazine-induced anaemic rats.","Kushwaha Hariom, Ankur Joshi, S. Malviya, Anil Kharia",2021,3,"The present study was to evaluate the anti-anaemic activity of Calotropis procera flower of Apocynaceae family. Anemia was induced in rats by intra-peritoneal administration of phenylhydrazine at the dose of 40 mg / kg / day for two days. Hydroalcoholic extract was given orally to anaemic rats at 100 mg/kg and 200 mg / kg body weight, once a day for 28 days. Blood samples were collected from the rats by tail incision on days D0, D2, to the 1st, 2nd, 3rd and 4th week of treatment and subjected to the analysis of red blood cells (RBC), hemoglobin (Hb) and hematocrit (PCV). Extracts at dose of 100mg/kg and as well 200 mg / kg increased (p","non-randomized experimental study","","","","https://consensus.app/papers/antianemic-activity-of-hydroalcoholic-extract-of-hariom-joshi/526e260ce035572eb6969bd8adaf6459/"
"Pharmacological Study of Anti-Anemic Activity of Ethanol Leaf Extract of a Spice Plant (Piper guineense) on Phenylhydrazine-induced Anemia in Wistar Rats","Piper guineense leaf extract, particularly at medium and high doses, shows anti-anemic activity in wistar rats, reducing blood levels of red blood cells, hemoglobin, and hematocrit.","Tharcitus Chilaka Onwudiwe, Ngozi Ukamaka Madubuogwu, E. O. Ogbuagu, B. Azudialu, O.G. Dike",2026,0,"Anemia is a disease condition associated with reduced blood levels of red blood cells, hemoglobin, hematocrit and alteration other hematological indices, leading to decreased ability to transport oxygen in the body. It can be precipitated by many risk factors that may occur independently or concurrently. Tradomedicinal practice claims to treat anemia by use of herbal plants which are readily available, accessible and affordable when compared to pharmaceutical drugs. This work therefore sought to pharmacologically study the anti-anemic activity of a spice plant (Piper guineense) on phenylhydrazine-induced anemia in wistar rats. This was done by randomizing thirty adult male wistar rats into six groups (1-6) of five animals per group, measuring their hematological indices before (at day 0) and after (at day 7, 14 and 21) induction of anemia with phenylhydrazine (40 mg/kg, i.p.). Groups 1, 2 and 3 respectively served as normal, negative and positive control, while groups 4, 5 and 6 received Piper guineense leaf extract at 125, 250 and 500 mg/kg respectively. The results of this study shows that Piper guineense leaf extract particularly at medium and high doses, and with respect to negative control, ameliorates phenylhydrazine-induced alterations on hematological indices, by producing significant (p<0.05) lesser percentage decrease in blood levels red blood cells, hemoglobin and hematocrit, as well as exhibiting significant (p<0.05) lesser percentage increase in blood levels of other hematological indices analysed in this study. The results also indicate that Piper guineense leaf extract when compared to positive control, produces insignificant (p>0.05) activity, particularly at days 14 and 21. This study provides a robust scientific validation of tradomedicinal claim on Piper guineense leaf as anti-anemic agent, therefore recommends further studies that will unveil the bioactive principle(s) and the molecular mechanism/pathway responsible for the observed activity.","","EAS Journal of Pharmacy and Pharmacology","","10.36349/easjpp.2026.v08i01.003","https://consensus.app/papers/pharmacological-study-of-antianemic-activity-of-ethanol-onwudiwe-madubuogwu/37b512ab16d45cc386e70d1e9690ae28/"
"Effect of a Combination of Ethanol Extract of Ficus capensis and Cnidoscolus aconitifolius on Liver and Kidney Function Parameters of Phenylhydrazine-Induced Anemic Rats","A combination of ethanol leaf extract of Ficus capensis and Cnidoscolus aconitifolius is safe and effective in treating and managing anemia in phenylhydrazine-induced anemic rats.","O. C. Ezeigwe, C. Okpala, U. Ogbodo, O. Ngwu, C. Chigbo",2020,1,"Background: Anemia is a condition in which there is a reduced number of red blood cells or haemoglobin and iron concentration in the body thereby leading to a decreased capacity of the blood to carry oxygen to the body tissues. Objectives: The study was designed to investigate the effect of a combination of ethanol extract of Ficus capensis and Cnidoscolus aconitifolius in phenylhydrazine-induced anemic rats. Methods: The animals were divided into five groups of five rats each. Group A served as normal Original Research Article Ezeigwe et al.; AJRB, 6(2): 1-6, 2020; Article no.AJRB.54701 2 control, Group B as anemic control, group C as standard drug control, groups D and E were treated with 200 mg/kg and 400 mg/kg of combined ethanol leaf extract of F. capensis and C. aconitifolius respectively. Phenylhydrazine was administered intraperitoneally at a dose of 20 mg/kg b.w. for two days to induce anemia in rats. The administration of the extract lasted for 14 days after which the animals were sacrificed and blood obtained through cardiac puncture for kidney and liver biomarkers analyses. Results: Aspartate aminotransferase, Alanine aminotransferase, Alkaline phosphatase, Total bilirubin, Direct bilirubin and Kidney function parameters assayed in the anemic untreated group showed significant increases (p<0.05) compared to the normal rats which may be attributed to toxicity induced by phenylhydrazine. The groups treated with the ethanol extract at a dose of 200 and 400 mg/kg body weight revealed a significant (p<0.05) decrease in the liver function parameters compared to the anemic untreated group. The creatinine and urea levels of the anemic untreated group increased more than the that of the test groups although the increase was not statistically significant. Conclusion: This study suggests that combined ethanol leaf extract of F. capensis and C. aconitifolius is safe and can be effective in the treatment and management of anemia.","rct","","","10.9734/ajrb/2020/v6i230111","https://consensus.app/papers/effect-of-a-combination-of-ethanol-extract-of-ficus-ezeigwe-okpala/18af77a8e1435355bab4a5cdfa4ef3d8/"
